Record time (UTC), UTC Minute, Second, Stress Connection Count, Average Send QPS, Min Send QPS, Max Send QPS, Average Recv QPS, Min Recv QPS, Max Recv QPS, Average Send Error Count, Recv Error Count, Average Time Cost (usec), Min Time Cost (usec), Max Time Cost (usec), Interface QPS, Server UDP Session Count, Server UDP ARQ Session Count, load, load/cpu, ping/2 (msec), Recv Bytes/s, Send Bytes/s
Wed Apr  7 07:18:19 2021,26962998,19,100,9930,9921,9939,9930,9920,9939,0,0,215,210,232,0,101,101,0.020000 ~ 0.250000,0.005000 ~ 0.062500,0,2 M 757 K 373 B,1 M 118 K 546 B
Wed Apr  7 07:19:19 2021,26962999,19,100,9931,9924,9933,9931,9924,9933,0,0,210,205,217,8315,101,101,0.490000 ~ 0.800000,0.122500 ~ 0.200000,0,2 M 740 K 155 B,1 M 116 K 71 B
Wed Apr  7 07:20:19 2021,26963000,19,100,9930,9924,9933,9930,9925,9933,0,0,211,206,214,9924,101,101,0.450000 ~ 0.710000,0.112500 ~ 0.177500,0,2 M 737 K 378 B,1 M 111 K 769 B
Wed Apr  7 07:21:19 2021,26963001,19,100,9930,9925,9933,9930,9925,9932,0,0,209,205,215,9955,101,101,0.430000 ~ 0.670000,0.107500 ~ 0.167500,0,2 M 734 K 323 B,1 M 110 K 449 B
Wed Apr  7 07:22:19 2021,26963002,19,100,9930,9926,9933,9930,9926,9933,0,0,206,203,211,9927,101,101,0.480000 ~ 0.920000,0.120000 ~ 0.230000,0,2 M 735 K 271 B,1 M 113 K 902 B
Wed Apr  7 07:23:04 2021,26963003,4,100,9931,9928,9932,9931,9928,9932,0,0,207,203,211,9924,201,201,0.340000 ~ 0.680000,0.085000 ~ 0.170000,0,5 M 468 K 318 B,2 M 233 K 59 B
Wed Apr  7 07:23:19 2021,26963003,19,200,19860,19851,19866,19860,19852,19866,0,0,217,211,259,9924,201,201,0.340000 ~ 0.680000,0.085000 ~ 0.170000,0,5 M 468 K 318 B,2 M 233 K 59 B
Wed Apr  7 07:24:19 2021,26963004,19,200,19860,19854,19865,19860,19853,19866,0,0,217,211,223,17535,201,201,0.610000 ~ 1.400000,0.152500 ~ 0.350000,0,5 M 461 K 642 B,2 M 231 K 431 B
Wed Apr  7 07:25:19 2021,26963005,19,200,19860,19853,19864,19860,19852,19864,0,0,220,213,225,19886,201,201,1.070000 ~ 1.370000,0.267500 ~ 0.342500,0,5 M 446 K 444 B,2 M 222 K 419 B
Wed Apr  7 07:26:19 2021,26963006,19,200,19860,19851,19866,19860,19852,19866,0,0,220,213,231,19884,201,201,0.950000 ~ 1.340000,0.237500 ~ 0.335000,0,5 M 449 K 576 B,2 M 218 K 412 B
Wed Apr  7 07:27:19 2021,26963007,19,200,19860,19847,19866,19860,19847,19865,0,0,217,210,221,19825,201,201,1.120000 ~ 1.440000,0.280000 ~ 0.360000,0,5 M 450 K 790 B,2 M 218 K 420 B
Wed Apr  7 07:28:05 2021,26963008,5,200,19863,19861,19865,19863,19862,19865,0,0,214,210,219,19895,301,301,0.920000 ~ 1.320000,0.230000 ~ 0.330000,0,8 M 125 K 470 B,3 M 308 K 439 B
Wed Apr  7 07:28:13 2021,26963008,13,300,29791,29780,29804,29791,29784,29805,0,0,225,212,248,19895,301,301,0.920000 ~ 1.320000,0.230000 ~ 0.330000,0,8 M 125 K 470 B,3 M 308 K 439 B
Wed Apr  7 07:28:14 2021,26963008,14,200,19855,19855,19855,19855,19855,19855,0,0,224,222,227,19895,301,301,0.920000 ~ 1.320000,0.230000 ~ 0.330000,0,8 M 125 K 470 B,3 M 308 K 439 B
Wed Apr  7 07:28:19 2021,26963008,19,300,29789,29786,29792,29789,29788,29793,0,0,225,221,232,19895,301,301,0.920000 ~ 1.320000,0.230000 ~ 0.330000,0,8 M 125 K 470 B,3 M 308 K 439 B
Wed Apr  7 07:29:02 2021,26963009,2,300,29795,29790,29798,29796,29792,29798,0,0,223,217,231,26834,301,301,0.850000 ~ 1.470000,0.212500 ~ 0.367500,0,8 M 122 K 479 B,3 M 327 K 508 B
Wed Apr  7 07:29:03 2021,26963009,3,200,19862,19862,19862,19860,19860,19860,0,0,230,229,230,26834,301,301,0.850000 ~ 1.470000,0.212500 ~ 0.367500,0,8 M 122 K 479 B,3 M 327 K 508 B
Wed Apr  7 07:29:11 2021,26963009,11,300,29788,29781,29794,29788,29781,29795,0,0,230,223,236,26834,301,301,0.850000 ~ 1.470000,0.212500 ~ 0.367500,0,8 M 122 K 479 B,3 M 327 K 508 B
Wed Apr  7 07:29:12 2021,26963009,12,200,19864,19864,19864,19864,19864,19864,0,0,228,223,232,26834,301,301,0.850000 ~ 1.470000,0.212500 ~ 0.367500,0,8 M 122 K 479 B,3 M 327 K 508 B
Wed Apr  7 07:29:19 2021,26963009,19,300,29789,29779,29798,29789,29780,29799,0,0,231,226,237,26834,301,301,0.850000 ~ 1.470000,0.212500 ~ 0.367500,0,8 M 122 K 479 B,3 M 327 K 508 B
Wed Apr  7 07:30:01 2021,26963010,1,300,29791,29791,29792,29791,29790,29792,0,0,234,222,242,29799,301,301,1.200000 ~ 1.660000,0.300000 ~ 0.415000,0,8 M 120 K 275 B,3 M 321 K 769 B
Wed Apr  7 07:30:02 2021,26963010,2,200,19862,19862,19862,19863,19863,19863,0,0,240,235,245,29799,301,301,1.200000 ~ 1.660000,0.300000 ~ 0.415000,0,8 M 120 K 275 B,3 M 321 K 769 B
Wed Apr  7 07:30:14 2021,26963010,14,300,29789,29779,29798,29789,29781,29797,0,0,244,224,261,29799,301,301,1.200000 ~ 1.660000,0.300000 ~ 0.415000,0,8 M 120 K 275 B,3 M 321 K 769 B
Wed Apr  7 07:30:15 2021,26963010,15,200,19862,19862,19862,19861,19861,19861,0,0,233,230,235,29799,301,301,1.200000 ~ 1.660000,0.300000 ~ 0.415000,0,8 M 120 K 275 B,3 M 321 K 769 B
Wed Apr  7 07:30:19 2021,26963010,19,300,29793,29788,29799,29793,29788,29799,0,0,229,219,237,29799,301,301,1.200000 ~ 1.660000,0.300000 ~ 0.415000,0,8 M 120 K 275 B,3 M 321 K 769 B
Wed Apr  7 07:31:05 2021,26963011,5,300,29789,29780,29794,29789,29785,29794,0,0,227,220,235,29790,301,301,1.150000 ~ 1.920000,0.287500 ~ 0.480000,0,8 M 110 K 800 B,3 M 321 K 152 B
Wed Apr  7 07:31:06 2021,26963011,6,200,19858,19858,19858,19859,19859,19859,0,0,230,229,231,29790,301,301,1.150000 ~ 1.920000,0.287500 ~ 0.480000,0,8 M 110 K 800 B,3 M 321 K 152 B
Wed Apr  7 07:31:19 2021,26963011,19,300,29791,29780,29797,29791,29779,29797,0,0,230,222,243,29790,301,301,1.150000 ~ 1.920000,0.287500 ~ 0.480000,0,8 M 110 K 800 B,3 M 321 K 152 B
Wed Apr  7 07:32:07 2021,26963012,7,300,29788,29775,29797,29788,29776,29797,0,0,228,222,233,29711,301,301,1.770000 ~ 2.710000,0.442500 ~ 0.677500,0,8 M 117 K 589 B,3 M 308 K 407 B
Wed Apr  7 07:32:08 2021,26963012,8,200,19863,19863,19863,19862,19862,19862,0,0,230,225,236,29711,301,301,1.770000 ~ 2.710000,0.442500 ~ 0.677500,0,8 M 117 K 589 B,3 M 308 K 407 B
Wed Apr  7 07:32:19 2021,26963012,19,300,29790,29785,29798,29791,29786,29798,0,0,227,220,235,29711,301,301,1.770000 ~ 2.710000,0.442500 ~ 0.677500,0,8 M 117 K 589 B,3 M 308 K 407 B
Wed Apr  7 07:33:05 2021,26963013,5,300,29789,29786,29792,29789,29785,29795,0,0,227,222,235,29801,401,401,2.200000 ~ 2.780000,0.550000 ~ 0.695000,0,10 M 830 K 870 B,4 M 418 K 101 B
Wed Apr  7 07:33:06 2021,26963013,6,200,19857,19857,19857,19859,19859,19859,0,0,225,225,226,29801,401,401,2.200000 ~ 2.780000,0.550000 ~ 0.695000,0,10 M 830 K 870 B,4 M 418 K 101 B
Wed Apr  7 07:33:07 2021,26963013,7,300,29790,29790,29790,29788,29788,29788,0,0,226,220,234,29801,401,401,2.200000 ~ 2.780000,0.550000 ~ 0.695000,0,10 M 830 K 870 B,4 M 418 K 101 B
Wed Apr  7 07:33:19 2021,26963013,19,400,39720,39704,39729,39719,39704,39730,0,0,261,239,287,29801,401,401,2.200000 ~ 2.780000,0.550000 ~ 0.695000,0,10 M 830 K 870 B,4 M 418 K 101 B
Wed Apr  7 07:34:13 2021,26963014,13,400,39720,39705,39728,39720,39707,39728,0,0,247,236,264,36154,401,401,2.120000 ~ 2.780000,0.530000 ~ 0.695000,0,10 M 829 K 239 B,4 M 419 K 386 B
Wed Apr  7 07:34:14 2021,26963014,14,300,29794,29794,29794,29796,29796,29796,0,0,249,242,255,36154,401,401,2.120000 ~ 2.780000,0.530000 ~ 0.695000,0,10 M 829 K 239 B,4 M 419 K 386 B
Wed Apr  7 07:34:19 2021,26963014,19,400,39722,39715,39728,39721,39713,39729,0,0,247,239,254,36154,401,401,2.120000 ~ 2.780000,0.530000 ~ 0.695000,0,10 M 829 K 239 B,4 M 419 K 386 B
Wed Apr  7 07:35:05 2021,26963015,5,400,39719,39712,39725,39720,39712,39726,0,0,252,241,265,39720,401,401,2.190000 ~ 2.570000,0.547500 ~ 0.642500,0,10 M 827 K 192 B,4 M 415 K 993 B
Wed Apr  7 07:35:06 2021,26963015,6,300,29796,29796,29796,29794,29794,29794,0,0,245,237,253,39720,401,401,2.190000 ~ 2.570000,0.547500 ~ 0.642500,0,10 M 827 K 192 B,4 M 415 K 993 B
Wed Apr  7 07:35:16 2021,26963015,16,400,39718,39711,39730,39719,39711,39728,0,0,240,231,255,39720,401,401,2.190000 ~ 2.570000,0.547500 ~ 0.642500,0,10 M 827 K 192 B,4 M 415 K 993 B
Wed Apr  7 07:35:17 2021,26963015,17,300,29792,29792,29792,29793,29793,29793,0,0,237,235,239,39720,401,401,2.190000 ~ 2.570000,0.547500 ~ 0.642500,0,10 M 827 K 192 B,4 M 415 K 993 B
Wed Apr  7 07:35:19 2021,26963015,19,400,39727,39726,39729,39727,39723,39730,0,0,239,234,244,39720,401,401,2.190000 ~ 2.570000,0.547500 ~ 0.642500,0,10 M 827 K 192 B,4 M 415 K 993 B
Wed Apr  7 07:36:17 2021,26963016,17,400,39720,39708,39729,39720,39706,39729,0,0,243,233,255,39605,401,401,2.050000 ~ 2.940000,0.512500 ~ 0.735000,0,10 M 828 K 645 B,4 M 425 K 185 B
Wed Apr  7 07:36:18 2021,26963016,18,300,29785,29785,29785,29789,29789,29789,0,0,246,241,251,39605,401,401,2.050000 ~ 2.940000,0.512500 ~ 0.735000,0,10 M 828 K 645 B,4 M 425 K 185 B
Wed Apr  7 07:36:19 2021,26963016,19,400,39728,39728,39728,39727,39727,39727,0,0,250,243,256,39605,401,401,2.050000 ~ 2.940000,0.512500 ~ 0.735000,0,10 M 828 K 645 B,4 M 425 K 185 B
Wed Apr  7 07:37:13 2021,26963017,13,400,39719,39707,39726,39719,39709,39726,0,0,244,233,260,39730,401,401,1.930000 ~ 2.320000,0.482500 ~ 0.580000,0,10 M 824 K 651 B,4 M 414 K 709 B
Wed Apr  7 07:37:14 2021,26963017,14,300,29789,29789,29789,29791,29791,29791,0,0,246,243,252,39730,401,401,1.930000 ~ 2.320000,0.482500 ~ 0.580000,0,10 M 824 K 651 B,4 M 414 K 709 B
Wed Apr  7 07:37:19 2021,26963017,19,400,39721,39716,39726,39721,39715,39727,0,0,245,235,250,39730,401,401,1.930000 ~ 2.320000,0.482500 ~ 0.580000,0,10 M 824 K 651 B,4 M 414 K 709 B
Wed Apr  7 07:38:09 2021,26963018,9,400,39720,39709,39728,39720,39711,39729,0,0,247,235,313,39724,501,501,2.050000 ~ 2.680000,0.512500 ~ 0.670000,0,13 M 517 K 157 B,5 M 515 K 87 B
Wed Apr  7 07:38:19 2021,26963018,19,500,49645,49636,49663,49646,49635,49660,0,0,271,252,292,39724,501,501,2.050000 ~ 2.680000,0.512500 ~ 0.670000,0,13 M 517 K 157 B,5 M 515 K 87 B
Wed Apr  7 07:39:01 2021,26963019,1,500,49660,49658,49661,49658,49655,49661,0,0,284,261,309,45429,501,501,3.080000 ~ 3.670000,0.770000 ~ 0.917500,0,13 M 521 K 702 B,5 M 526 K 700 B
Wed Apr  7 07:39:02 2021,26963019,2,400,39713,39713,39713,39716,39716,39716,0,0,303,282,321,45429,501,501,3.080000 ~ 3.670000,0.770000 ~ 0.917500,0,13 M 521 K 702 B,5 M 526 K 700 B
Wed Apr  7 07:39:13 2021,26963019,13,500,49645,49633,49655,49645,49626,49657,0,0,282,262,330,45429,501,501,3.080000 ~ 3.670000,0.770000 ~ 0.917500,0,13 M 521 K 702 B,5 M 526 K 700 B
Wed Apr  7 07:39:14 2021,26963019,14,400,39730,39730,39730,39728,39728,39728,0,0,269,261,275,45429,501,501,3.080000 ~ 3.670000,0.770000 ~ 0.917500,0,13 M 521 K 702 B,5 M 526 K 700 B
Wed Apr  7 07:39:19 2021,26963019,19,500,49648,49644,49652,49647,49641,49653,0,0,267,250,280,45429,501,501,3.080000 ~ 3.670000,0.770000 ~ 0.917500,0,13 M 521 K 702 B,5 M 526 K 700 B
Wed Apr  7 07:40:04 2021,26963020,4,500,49645,49638,49654,49646,49640,49656,0,0,268,251,290,49667,501,501,2.400000 ~ 3.180000,0.600000 ~ 0.795000,0,13 M 518 K 610 B,5 M 520 K 774 B
Wed Apr  7 07:40:05 2021,26963020,5,400,39728,39728,39728,39725,39725,39725,0,0,270,255,287,49667,501,501,2.400000 ~ 3.180000,0.600000 ~ 0.795000,0,13 M 518 K 610 B,5 M 520 K 774 B
Wed Apr  7 07:40:15 2021,26963020,15,500,49649,49626,49658,49649,49631,49658,0,0,273,255,294,49667,501,501,2.400000 ~ 3.180000,0.600000 ~ 0.795000,0,13 M 518 K 610 B,5 M 520 K 774 B
Wed Apr  7 07:40:16 2021,26963020,16,400,39706,39706,39706,39707,39707,39707,0,0,276,269,289,49667,501,501,2.400000 ~ 3.180000,0.600000 ~ 0.795000,0,13 M 518 K 610 B,5 M 520 K 774 B
Wed Apr  7 07:40:19 2021,26963020,19,500,49642,49638,49649,49643,49639,49647,0,0,273,253,281,49667,501,501,2.400000 ~ 3.180000,0.600000 ~ 0.795000,0,13 M 518 K 610 B,5 M 520 K 774 B
Wed Apr  7 07:41:06 2021,26963021,6,500,49651,49645,49656,49651,49645,49657,0,0,278,255,309,49520,501,501,2.550000 ~ 3.440000,0.637500 ~ 0.860000,0,13 M 518 K 532 B,5 M 521 K 252 B
Wed Apr  7 07:41:07 2021,26963021,7,400,39714,39714,39714,39711,39711,39711,0,0,276,270,282,49520,501,501,2.550000 ~ 3.440000,0.637500 ~ 0.860000,0,13 M 518 K 532 B,5 M 521 K 252 B
Wed Apr  7 07:41:15 2021,26963021,15,500,49649,49637,49654,49649,49641,49654,0,0,267,250,283,49520,501,501,2.550000 ~ 3.440000,0.637500 ~ 0.860000,0,13 M 518 K 532 B,5 M 521 K 252 B
Wed Apr  7 07:41:16 2021,26963021,16,400,39723,39723,39723,39723,39723,39723,0,0,272,262,280,49520,501,501,2.550000 ~ 3.440000,0.637500 ~ 0.860000,0,13 M 518 K 532 B,5 M 521 K 252 B
Wed Apr  7 07:41:19 2021,26963021,19,500,49640,49633,49648,49642,49636,49652,0,0,272,263,282,49520,501,501,2.550000 ~ 3.440000,0.637500 ~ 0.860000,0,13 M 518 K 532 B,5 M 521 K 252 B
Wed Apr  7 07:42:03 2021,26963022,3,500,49653,49651,49656,49653,49651,49657,0,0,293,272,319,49669,501,501,2.780000 ~ 3.210000,0.695000 ~ 0.802500,0,13 M 517 K 142 B,5 M 509 K 959 B
Wed Apr  7 07:42:04 2021,26963022,4,400,39715,39715,39715,39714,39714,39714,0,0,298,282,315,49669,501,501,2.780000 ~ 3.210000,0.695000 ~ 0.802500,0,13 M 517 K 142 B,5 M 509 K 959 B
Wed Apr  7 07:42:11 2021,26963022,11,500,49650,49639,49661,49649,49639,49660,0,0,297,259,328,49669,501,501,2.780000 ~ 3.210000,0.695000 ~ 0.802500,0,13 M 517 K 142 B,5 M 509 K 959 B
Wed Apr  7 07:42:12 2021,26963022,12,400,39718,39718,39718,39718,39718,39718,0,0,306,265,323,49669,501,501,2.780000 ~ 3.210000,0.695000 ~ 0.802500,0,13 M 517 K 142 B,5 M 509 K 959 B
Wed Apr  7 07:42:19 2021,26963022,19,500,49645,49638,49651,49646,49637,49654,0,0,290,260,311,49669,501,501,2.780000 ~ 3.210000,0.695000 ~ 0.802500,0,13 M 517 K 142 B,5 M 509 K 959 B
Wed Apr  7 07:43:00 2021,26963023,0,400,39717,39717,39717,39717,39717,39717,0,0,279,269,292,49672,606,606,3.000000 ~ 4.050000,0.750000 ~ 1.012500,0,16 M 220 K 980 B,6 M 615 K 667 B
Wed Apr  7 07:43:07 2021,26963023,7,500,49648,49633,49663,49647,49630,49660,0,0,271,256,284,49672,606,606,3.000000 ~ 4.050000,0.750000 ~ 1.012500,0,16 M 220 K 980 B,6 M 615 K 667 B
Wed Apr  7 07:43:08 2021,26963023,8,400,39703,39703,39703,39703,39703,39703,0,0,277,266,282,49672,606,606,3.000000 ~ 4.050000,0.750000 ~ 1.012500,0,16 M 220 K 980 B,6 M 615 K 667 B
Wed Apr  7 07:43:10 2021,26963023,10,500,49654,49647,49662,49656,49654,49658,0,0,332,267,514,49672,606,606,3.000000 ~ 4.050000,0.750000 ~ 1.012500,0,16 M 220 K 980 B,6 M 615 K 667 B
Wed Apr  7 07:43:17 2021,26963023,17,600,59576,59546,59598,59578,59549,59601,0,15,390,301,582,49672,606,606,3.000000 ~ 4.050000,0.750000 ~ 1.012500,0,16 M 220 K 980 B,6 M 615 K 667 B
Wed Apr  7 07:43:18 2021,26963023,18,500,49657,49657,49657,49661,49661,49661,0,0,364,332,397,49672,606,606,3.000000 ~ 4.050000,0.750000 ~ 1.012500,0,16 M 220 K 980 B,6 M 615 K 667 B
Wed Apr  7 07:43:19 2021,26963023,19,600,59585,59585,59585,59577,59577,59577,0,0,360,337,383,49672,606,606,3.000000 ~ 4.050000,0.750000 ~ 1.012500,0,16 M 220 K 980 B,6 M 615 K 667 B
Wed Apr  7 07:44:06 2021,26963024,6,600,59564,59498,59589,59565,59496,59588,0,0,364,331,475,54641,601,601,3.350000 ~ 3.720000,0.837500 ~ 0.930000,0,16 M 225 K 243 B,6 M 631 K 894 B
Wed Apr  7 07:44:07 2021,26963024,7,500,49642,49642,49642,49641,49641,49641,0,0,367,347,393,54641,601,601,3.350000 ~ 3.720000,0.837500 ~ 0.930000,0,16 M 225 K 243 B,6 M 631 K 894 B
Wed Apr  7 07:44:16 2021,26963024,16,600,59572,59541,59586,59572,59540,59588,0,0,352,292,563,54641,601,601,3.350000 ~ 3.720000,0.837500 ~ 0.930000,0,16 M 225 K 243 B,6 M 631 K 894 B
Wed Apr  7 07:44:17 2021,26963024,17,500,49644,49644,49644,49645,49645,49645,0,0,335,294,368,54641,601,601,3.350000 ~ 3.720000,0.837500 ~ 0.930000,0,16 M 225 K 243 B,6 M 631 K 894 B
Wed Apr  7 07:44:19 2021,26963024,19,600,59578,59577,59579,59580,59575,59584,0,0,337,294,387,54641,601,601,3.350000 ~ 3.720000,0.837500 ~ 0.930000,0,16 M 225 K 243 B,6 M 631 K 894 B
Wed Apr  7 07:45:08 2021,26963025,8,600,59575,59565,59583,59575,59567,59583,0,0,353,298,397,59456,601,601,2.880000 ~ 3.560000,0.720000 ~ 0.890000,0,16 M 230 K 573 B,6 M 619 K 677 B
Wed Apr  7 07:45:09 2021,26963025,9,500,49650,49650,49650,49649,49649,49649,0,0,372,307,416,59456,601,601,2.880000 ~ 3.560000,0.720000 ~ 0.890000,0,16 M 230 K 573 B,6 M 619 K 677 B
Wed Apr  7 07:45:19 2021,26963025,19,600,59578,59568,59587,59578,59568,59587,0,0,368,299,749,59456,601,601,2.880000 ~ 3.560000,0.720000 ~ 0.890000,0,16 M 230 K 573 B,6 M 619 K 677 B
Wed Apr  7 07:46:00 2021,26963026,0,600,59572,59572,59572,59570,59570,59570,0,0,333,296,360,59628,601,601,3.240000 ~ 4.560000,0.810000 ~ 1.140000,0,16 M 218 K 888 B,6 M 619 K 911 B
Wed Apr  7 07:46:01 2021,26963026,1,500,49638,49638,49638,49638,49638,49638,0,0,337,293,359,59628,601,601,3.240000 ~ 4.560000,0.810000 ~ 1.140000,0,16 M 218 K 888 B,6 M 619 K 911 B
Wed Apr  7 07:46:10 2021,26963026,10,600,59576,59564,59585,59576,59562,59585,0,0,334,288,383,59628,601,601,3.240000 ~ 4.560000,0.810000 ~ 1.140000,0,16 M 218 K 888 B,6 M 619 K 911 B
Wed Apr  7 07:46:11 2021,26963026,11,500,49648,49648,49648,49648,49648,49648,0,0,336,313,352,59628,601,601,3.240000 ~ 4.560000,0.810000 ~ 1.140000,0,16 M 218 K 888 B,6 M 619 K 911 B
Wed Apr  7 07:46:19 2021,26963026,19,600,59574,59560,59589,59574,59556,59585,0,0,320,292,354,59628,601,601,3.240000 ~ 4.560000,0.810000 ~ 1.140000,0,16 M 218 K 888 B,6 M 619 K 911 B
Wed Apr  7 07:47:00 2021,26963027,0,500,49640,49640,49640,49642,49642,49642,0,0,319,310,335,59622,601,601,3.560000 ~ 4.570000,0.890000 ~ 1.142500,0,16 M 230 K 145 B,6 M 610 K 677 B
Wed Apr  7 07:47:08 2021,26963027,8,600,59575,59551,59587,59575,59557,59588,0,0,332,283,381,59622,601,601,3.560000 ~ 4.570000,0.890000 ~ 1.142500,0,16 M 230 K 145 B,6 M 610 K 677 B
Wed Apr  7 07:47:09 2021,26963027,9,500,49651,49651,49651,49650,49650,49650,0,0,338,284,368,59622,601,601,3.560000 ~ 4.570000,0.890000 ~ 1.142500,0,16 M 230 K 145 B,6 M 610 K 677 B
Wed Apr  7 07:47:17 2021,26963027,17,600,59578,59563,59592,59577,59569,59591,0,0,366,282,456,59622,601,601,3.560000 ~ 4.570000,0.890000 ~ 1.142500,0,16 M 230 K 145 B,6 M 610 K 677 B
Wed Apr  7 07:47:18 2021,26963027,18,500,49642,49642,49642,49645,49645,49645,0,0,347,319,375,59622,601,601,3.560000 ~ 4.570000,0.890000 ~ 1.142500,0,16 M 230 K 145 B,6 M 610 K 677 B
Wed Apr  7 07:47:19 2021,26963027,19,600,59580,59580,59580,59583,59583,59583,0,0,331,285,355,59622,601,601,3.560000 ~ 4.570000,0.890000 ~ 1.142500,0,16 M 230 K 145 B,6 M 610 K 677 B
Wed Apr  7 07:48:07 2021,26963028,7,600,59574,59563,59585,59574,59564,59584,0,0,333,281,373,59449,706,706,3.590000 ~ 4.830000,0.897500 ~ 1.207500,0,18 M 934 K 854 B,7 M 718 K 939 B
Wed Apr  7 07:48:08 2021,26963028,8,500,49653,49653,49653,49657,49657,49657,0,0,329,319,340,59449,706,706,3.590000 ~ 4.830000,0.897500 ~ 1.207500,0,18 M 934 K 854 B,7 M 718 K 939 B
Wed Apr  7 07:48:11 2021,26963028,11,600,59577,59575,59580,59575,59575,59576,0,0,334,290,431,59449,706,706,3.590000 ~ 4.830000,0.897500 ~ 1.207500,0,18 M 934 K 854 B,7 M 718 K 939 B
Wed Apr  7 07:48:13 2021,26963028,13,700,69495,69495,69496,69492,69484,69499,0,15,452,398,564,59449,706,706,3.590000 ~ 4.830000,0.897500 ~ 1.207500,0,18 M 934 K 854 B,7 M 718 K 939 B
Wed Apr  7 07:48:14 2021,26963028,14,600,59554,59554,59554,59560,59560,59560,0,0,440,412,472,59449,706,706,3.590000 ~ 4.830000,0.897500 ~ 1.207500,0,18 M 934 K 854 B,7 M 718 K 939 B
Wed Apr  7 07:48:19 2021,26963028,19,700,69509,69498,69521,69508,69493,69522,0,0,490,386,643,59449,706,706,3.590000 ~ 4.830000,0.897500 ~ 1.207500,0,18 M 934 K 854 B,7 M 718 K 939 B
Wed Apr  7 07:49:00 2021,26963029,0,600,59555,59555,59555,59562,59562,59562,0,0,567,396,698,63898,701,701,4.730000 ~ 5.560000,1.182500 ~ 1.390000,0,18 M 949 K 398 B,7 M 711 K 122 B
Wed Apr  7 07:49:06 2021,26963029,6,700,69502,69488,69510,69501,69490,69510,0,0,473,381,622,63898,701,701,4.730000 ~ 5.560000,1.182500 ~ 1.390000,0,18 M 949 K 398 B,7 M 711 K 122 B
Wed Apr  7 07:49:07 2021,26963029,7,600,59568,59568,59568,59572,59572,59572,0,0,511,442,586,63898,701,701,4.730000 ~ 5.560000,1.182500 ~ 1.390000,0,18 M 949 K 398 B,7 M 711 K 122 B
Wed Apr  7 07:49:13 2021,26963029,13,700,69490,69437,69516,69489,69426,69519,0,0,515,392,625,63898,701,701,4.730000 ~ 5.560000,1.182500 ~ 1.390000,0,18 M 949 K 398 B,7 M 711 K 122 B
Wed Apr  7 07:49:14 2021,26963029,14,600,59579,59579,59579,59585,59585,59585,0,0,509,406,592,63898,701,701,4.730000 ~ 5.560000,1.182500 ~ 1.390000,0,18 M 949 K 398 B,7 M 711 K 122 B
Wed Apr  7 07:49:19 2021,26963029,19,700,69502,69481,69516,69501,69487,69518,0,0,485,367,580,63898,701,701,4.730000 ~ 5.560000,1.182500 ~ 1.390000,0,18 M 949 K 398 B,7 M 711 K 122 B
Wed Apr  7 07:50:00 2021,26963030,0,600,59571,59571,59571,59571,59571,59571,0,0,529,391,604,69518,701,701,5.290000 ~ 5.870000,1.322500 ~ 1.467500,0,18 M 950 K 911 B,7 M 714 K 782 B
Wed Apr  7 07:50:06 2021,26963030,6,700,69501,69483,69515,69501,69485,69514,0,0,506,376,621,69518,701,701,5.290000 ~ 5.870000,1.322500 ~ 1.467500,0,18 M 950 K 911 B,7 M 714 K 782 B
Wed Apr  7 07:50:07 2021,26963030,7,600,59567,59567,59567,59571,59571,59571,0,0,465,387,528,69518,701,701,5.290000 ~ 5.870000,1.322500 ~ 1.467500,0,18 M 950 K 911 B,7 M 714 K 782 B
Wed Apr  7 07:50:12 2021,26963030,12,700,69512,69489,69527,69509,69482,69525,0,0,462,378,534,69518,701,701,5.290000 ~ 5.870000,1.322500 ~ 1.467500,0,18 M 950 K 911 B,7 M 714 K 782 B
Wed Apr  7 07:50:13 2021,26963030,13,600,59551,59551,59551,59552,59552,59552,0,0,453,405,521,69518,701,701,5.290000 ~ 5.870000,1.322500 ~ 1.467500,0,18 M 950 K 911 B,7 M 714 K 782 B
Wed Apr  7 07:50:18 2021,26963030,18,700,69509,69495,69519,69510,69498,69519,0,0,467,392,558,69518,701,701,5.290000 ~ 5.870000,1.322500 ~ 1.467500,0,18 M 950 K 911 B,7 M 714 K 782 B
Wed Apr  7 07:50:19 2021,26963030,19,600,59559,59559,59559,59558,59558,59558,0,0,446,393,485,69518,701,701,5.290000 ~ 5.870000,1.322500 ~ 1.467500,0,18 M 950 K 911 B,7 M 714 K 782 B
Wed Apr  7 07:51:04 2021,26963031,4,700,69500,69491,69509,69502,69492,69509,0,0,443,404,495,69540,701,701,5.110000 ~ 5.920000,1.277500 ~ 1.480000,0,18 M 941 K 430 B,7 M 722 K 30 B
Wed Apr  7 07:51:05 2021,26963031,5,600,59568,59568,59568,59566,59566,59566,0,0,452,410,487,69540,701,701,5.110000 ~ 5.920000,1.277500 ~ 1.480000,0,18 M 941 K 430 B,7 M 722 K 30 B
Wed Apr  7 07:51:10 2021,26963031,10,700,69504,69496,69509,69505,69499,69510,0,0,444,396,500,69540,701,701,5.110000 ~ 5.920000,1.277500 ~ 1.480000,0,18 M 941 K 430 B,7 M 722 K 30 B
Wed Apr  7 07:51:11 2021,26963031,11,600,59570,59570,59570,59564,59564,59564,0,0,474,399,518,69540,701,701,5.110000 ~ 5.920000,1.277500 ~ 1.480000,0,18 M 941 K 430 B,7 M 722 K 30 B
Wed Apr  7 07:51:16 2021,26963031,16,700,69504,69488,69516,69503,69489,69520,0,0,467,390,538,69540,701,701,5.110000 ~ 5.920000,1.277500 ~ 1.480000,0,18 M 941 K 430 B,7 M 722 K 30 B
Wed Apr  7 07:51:17 2021,26963031,17,600,59563,59563,59563,59564,59564,59564,0,0,470,382,535,69540,701,701,5.110000 ~ 5.920000,1.277500 ~ 1.480000,0,18 M 941 K 430 B,7 M 722 K 30 B
Wed Apr  7 07:51:19 2021,26963031,19,700,69495,69493,69498,69495,69488,69502,0,0,445,378,500,69540,701,701,5.110000 ~ 5.920000,1.277500 ~ 1.480000,0,18 M 941 K 430 B,7 M 722 K 30 B
Wed Apr  7 07:52:02 2021,26963032,2,700,69510,69498,69524,69512,69503,69520,0,0,452,408,509,69491,701,701,5.920000 ~ 6.470000,1.480000 ~ 1.617500,0,18 M 943 K 667 B,7 M 715 K 832 B
Wed Apr  7 07:52:03 2021,26963032,3,600,59571,59571,59571,59568,59568,59568,0,0,465,426,532,69491,701,701,5.920000 ~ 6.470000,1.480000 ~ 1.617500,0,18 M 943 K 667 B,7 M 715 K 832 B
Wed Apr  7 07:52:08 2021,26963032,8,700,69496,69490,69505,69497,69489,69509,0,0,446,419,493,69491,701,701,5.920000 ~ 6.470000,1.480000 ~ 1.617500,0,18 M 943 K 667 B,7 M 715 K 832 B
Wed Apr  7 07:52:09 2021,26963032,9,600,59576,59576,59576,59582,59582,59582,0,0,438,423,461,69491,701,701,5.920000 ~ 6.470000,1.480000 ~ 1.617500,0,18 M 943 K 667 B,7 M 715 K 832 B
Wed Apr  7 07:52:13 2021,26963032,13,700,69503,69483,69520,69500,69487,69517,0,0,459,420,517,69491,701,701,5.920000 ~ 6.470000,1.480000 ~ 1.617500,0,18 M 943 K 667 B,7 M 715 K 832 B
Wed Apr  7 07:52:14 2021,26963032,14,600,59570,59570,59570,59568,59568,59568,0,0,468,411,526,69491,701,701,5.920000 ~ 6.470000,1.480000 ~ 1.617500,0,18 M 943 K 667 B,7 M 715 K 832 B
Wed Apr  7 07:52:19 2021,26963032,19,700,69508,69499,69514,69505,69492,69515,0,0,501,398,618,69491,701,701,5.920000 ~ 6.470000,1.480000 ~ 1.617500,0,18 M 943 K 667 B,7 M 715 K 832 B
Wed Apr  7 07:53:00 2021,26963033,0,600,59558,59558,59558,59568,59568,59568,0,0,501,457,557,69524,801,801,5.420000 ~ 6.330000,1.355000 ~ 1.582500,0,21 M 906 K 514 B,8 M 928 K 1 B
Wed Apr  7 07:53:04 2021,26963033,4,700,69502,69494,69513,69503,69498,69509,0,0,569,402,722,69524,801,801,5.420000 ~ 6.330000,1.355000 ~ 1.582500,0,21 M 906 K 514 B,8 M 928 K 1 B
Wed Apr  7 07:53:05 2021,26963033,5,600,59576,59576,59576,59575,59575,59575,0,0,570,401,661,69524,801,801,5.420000 ~ 6.330000,1.355000 ~ 1.582500,0,21 M 906 K 514 B,8 M 928 K 1 B
Wed Apr  7 07:53:10 2021,26963033,10,700,69501,69493,69512,69501,69495,69510,0,0,562,361,755,69524,801,801,5.420000 ~ 6.330000,1.355000 ~ 1.582500,0,21 M 906 K 514 B,8 M 928 K 1 B
Wed Apr  7 07:53:11 2021,26963033,11,600,59572,59572,59572,59575,59575,59575,0,0,568,361,690,69524,801,801,5.420000 ~ 6.330000,1.355000 ~ 1.582500,0,21 M 906 K 514 B,8 M 928 K 1 B
Wed Apr  7 07:53:12 2021,26963033,12,700,69509,69509,69509,69503,69503,69503,0,0,615,359,748,69524,801,801,5.420000 ~ 6.330000,1.355000 ~ 1.582500,0,21 M 906 K 514 B,8 M 928 K 1 B
Wed Apr  7 07:53:17 2021,26963033,17,800,79429,79424,79441,79425,79411,79436,0,9,1677,897,2361,69524,801,801,5.420000 ~ 6.330000,1.355000 ~ 1.582500,0,21 M 906 K 514 B,8 M 928 K 1 B
Wed Apr  7 07:53:18 2021,26963033,18,700,69494,69494,69494,69508,69508,69508,0,0,1453,970,1882,69524,801,801,5.420000 ~ 6.330000,1.355000 ~ 1.582500,0,21 M 906 K 514 B,8 M 928 K 1 B
Wed Apr  7 07:53:19 2021,26963033,19,800,79429,79429,79429,79425,79425,79425,0,0,1316,867,1554,69524,801,801,5.420000 ~ 6.330000,1.355000 ~ 1.582500,0,21 M 906 K 514 B,8 M 928 K 1 B
Wed Apr  7 07:54:11 2021,26963034,11,800,79425,79405,79442,79425,79399,79446,0,0,1306,864,1673,73030,801,801,6.620000 ~ 7.510000,1.655000 ~ 1.877500,0,21 M 802 K 38 B,8 M 827 K 764 B
Wed Apr  7 07:54:12 2021,26963034,12,700,69495,69495,69495,69501,69501,69501,0,0,1332,1024,1694,73030,801,801,6.620000 ~ 7.510000,1.655000 ~ 1.877500,0,21 M 802 K 38 B,8 M 827 K 764 B
Wed Apr  7 07:54:19 2021,26963034,19,800,79427,79409,79444,79427,79419,79436,0,0,1310,871,1751,73030,801,801,6.620000 ~ 7.510000,1.655000 ~ 1.877500,0,21 M 802 K 38 B,8 M 827 K 764 B
Wed Apr  7 07:55:14 2021,26963035,14,800,79353,79146,79441,67238,50539,79439,0,0,1861929,990,6237858,79529,801,801,6.650000 ~ 8.250000,1.662500 ~ 2.062500,0 ~ 850,89 M 140 K 750 B,17 M 187 K 519 B
Wed Apr  7 07:55:15 2021,26963035,15,700,69347,69347,69347,58411,58411,58411,0,0,5679824,5404605,5919209,79529,801,801,6.650000 ~ 8.250000,1.662500 ~ 2.062500,0 ~ 850,89 M 140 K 750 B,17 M 187 K 519 B
Wed Apr  7 07:55:19 2021,26963035,19,800,79315,79296,79333,60636,57613,64435,0,0,5025447,4396604,5645418,79529,801,801,6.650000 ~ 8.250000,1.662500 ~ 2.062500,0 ~ 850,89 M 140 K 750 B,17 M 187 K 519 B