Record time (UTC), UTC Minute, Second, Stress Connection Count, Average Send QPS, Min Send QPS, Max Send QPS, Average Recv QPS, Min Recv QPS, Max Recv QPS, Average Send Error Count, Recv Error Count, Average Time Cost (usec), Min Time Cost (usec), Max Time Cost (usec), Interface QPS, Server Connection Count, load, load/cpu, ping/2 (msec), Recv Bytes/s, Send Bytes/s
Thu Apr 15 08:40:04 2021,26974600,4,20000,1396,1396,1396,1396,1396,1396,0,0,292,250,333,57035,3 ~ 40004,0.010000,0.001250,0,1 M 325 K 540 B,678 K 128 B
Thu Apr 15 08:40:05 2021,26974600,5,30000,2094,2094,2094,2094,2094,2094,0,0,308,254,337,57035,3 ~ 40004,0.010000,0.001250,0,1 M 325 K 540 B,678 K 128 B
Thu Apr 15 08:41:00 2021,26974601,0,40000,2793,2793,2793,2793,2793,2793,0,0,293,240,339,800,40004 ~ 120004,0.000000 ~ 0.150000,0.000000 ~ 0.018750,0,2 M 858 K 828 B,1 M 244 K 10 B
Thu Apr 15 08:41:01 2021,26974601,1,60000,4189,4189,4189,4189,4189,4189,0,0,292,236,344,800,40004 ~ 120004,0.000000 ~ 0.150000,0.000000 ~ 0.018750,0,2 M 858 K 828 B,1 M 244 K 10 B
Thu Apr 15 08:41:02 2021,26974601,2,70000,4888,4888,4888,4888,4888,4888,0,0,274,142,349,800,40004 ~ 120004,0.000000 ~ 0.150000,0.000000 ~ 0.018750,0,2 M 858 K 828 B,1 M 244 K 10 B
Thu Apr 15 08:41:03 2021,26974601,3,80000,5586,5586,5586,5586,5586,5586,0,0,284,153,348,800,40004 ~ 120004,0.000000 ~ 0.150000,0.000000 ~ 0.018750,0,2 M 858 K 828 B,1 M 244 K 10 B
Thu Apr 15 08:41:04 2021,26974601,4,100000,6982,6982,6982,6982,6982,6982,0,0,290,166,350,800,40004 ~ 120004,0.000000 ~ 0.150000,0.000000 ~ 0.018750,0,2 M 858 K 828 B,1 M 244 K 10 B
Thu Apr 15 08:41:05 2021,26974601,5,110000,7682,7682,7682,7682,7682,7682,0,0,290,170,353,800,40004 ~ 120004,0.000000 ~ 0.150000,0.000000 ~ 0.018750,0,2 M 858 K 828 B,1 M 244 K 10 B
Thu Apr 15 08:42:00 2021,26974602,0,120000,8380,8380,8380,8380,8380,8380,0,0,281,134,364,6004,126707 ~ 200004,0.120000 ~ 0.370000,0.015000 ~ 0.046250,0,4 M 209 K 42 B,1 M 741 K 756 B
Thu Apr 15 08:42:01 2021,26974602,1,140000,9775,9775,9775,9775,9775,9775,0,0,287,143,378,6004,126707 ~ 200004,0.120000 ~ 0.370000,0.015000 ~ 0.046250,0,4 M 209 K 42 B,1 M 741 K 756 B
Thu Apr 15 08:42:02 2021,26974602,2,150000,10473,10473,10473,10473,10473,10473,0,0,281,149,384,6004,126707 ~ 200004,0.120000 ~ 0.370000,0.015000 ~ 0.046250,0,4 M 209 K 42 B,1 M 741 K 756 B
Thu Apr 15 08:42:03 2021,26974602,3,160000,11175,11175,11175,11175,11175,11175,0,0,282,157,376,6004,126707 ~ 200004,0.120000 ~ 0.370000,0.015000 ~ 0.046250,0,4 M 209 K 42 B,1 M 741 K 756 B
Thu Apr 15 08:42:04 2021,26974602,4,180000,12567,12567,12567,12567,12567,12567,0,0,285,159,380,6004,126707 ~ 200004,0.120000 ~ 0.370000,0.015000 ~ 0.046250,0,4 M 209 K 42 B,1 M 741 K 756 B
Thu Apr 15 08:42:05 2021,26974602,5,190000,13267,13267,13267,13267,13267,13267,0,0,286,159,387,6004,126707 ~ 200004,0.120000 ~ 0.370000,0.015000 ~ 0.046250,0,4 M 209 K 42 B,1 M 741 K 756 B
Thu Apr 15 08:43:00 2021,26974603,0,200000,13965,13965,13965,13965,13965,13965,0,0,287,166,393,11575,200004 ~ 280004,0.260000 ~ 0.590000,0.032500 ~ 0.073750,0,5 M 470 K 232 B,2 M 221 K 418 B
Thu Apr 15 08:43:01 2021,26974603,1,220000,15363,15363,15363,15363,15363,15363,0,0,289,165,399,11575,200004 ~ 280004,0.260000 ~ 0.590000,0.032500 ~ 0.073750,0,5 M 470 K 232 B,2 M 221 K 418 B
Thu Apr 15 08:43:02 2021,26974603,2,230000,16057,16057,16057,16057,16057,16057,0,0,292,167,386,11575,200004 ~ 280004,0.260000 ~ 0.590000,0.032500 ~ 0.073750,0,5 M 470 K 232 B,2 M 221 K 418 B
Thu Apr 15 08:43:03 2021,26974603,3,240000,16764,16764,16764,16764,16764,16764,0,0,292,174,389,11575,200004 ~ 280004,0.260000 ~ 0.590000,0.032500 ~ 0.073750,0,5 M 470 K 232 B,2 M 221 K 418 B
Thu Apr 15 08:43:04 2021,26974603,4,250000,17450,17450,17450,17450,17450,17450,0,0,296,175,377,11575,200004 ~ 280004,0.260000 ~ 0.590000,0.032500 ~ 0.073750,0,5 M 470 K 232 B,2 M 221 K 418 B
Thu Apr 15 08:43:05 2021,26974603,5,270000,18852,18852,18852,18852,18852,18852,0,0,289,141,379,11575,200004 ~ 280004,0.260000 ~ 0.590000,0.032500 ~ 0.073750,0,5 M 470 K 232 B,2 M 221 K 418 B
Thu Apr 15 08:44:00 2021,26974604,0,280000,19554,19554,19554,19554,19554,19554,0,0,294,158,385,16884,280004 ~ 358688,0.460000 ~ 0.770000,0.057500 ~ 0.096250,0,7 M 114 K 991 B,2 M 823 K 304 B
Thu Apr 15 08:44:01 2021,26974604,1,290000,20249,20249,20249,20249,20249,20249,0,0,294,144,406,16884,280004 ~ 358688,0.460000 ~ 0.770000,0.057500 ~ 0.096250,0,7 M 114 K 991 B,2 M 823 K 304 B
Thu Apr 15 08:44:02 2021,26974604,2,310000,21644,21644,21644,21644,21644,21644,0,0,294,155,385,16884,280004 ~ 358688,0.460000 ~ 0.770000,0.057500 ~ 0.096250,0,7 M 114 K 991 B,2 M 823 K 304 B
Thu Apr 15 08:44:03 2021,26974604,3,320000,22340,22340,22340,22340,22340,22340,0,0,299,172,381,16884,280004 ~ 358688,0.460000 ~ 0.770000,0.057500 ~ 0.096250,0,7 M 114 K 991 B,2 M 823 K 304 B
Thu Apr 15 08:44:04 2021,26974604,4,330000,23043,23043,23043,23043,23043,23043,0,0,304,181,391,16884,280004 ~ 358688,0.460000 ~ 0.770000,0.057500 ~ 0.096250,0,7 M 114 K 991 B,2 M 823 K 304 B
Thu Apr 15 08:44:05 2021,26974604,5,340000,23747,23747,23747,23747,23747,23747,0,0,306,183,393,16884,280004 ~ 358688,0.460000 ~ 0.770000,0.057500 ~ 0.096250,0,7 M 114 K 991 B,2 M 823 K 304 B
Thu Apr 15 08:45:00 2021,26974605,0,360000,25135,25135,25135,25135,25135,25135,0,0,305,178,383,22448,360004 ~ 430004,0.360000 ~ 0.810000,0.045000 ~ 0.101250,0,8 M 199 K 71 B,3 M 223 K 113 B
Thu Apr 15 08:45:01 2021,26974605,1,370000,25818,25818,25818,25818,25818,25818,0,0,309,187,413,22448,360004 ~ 430004,0.360000 ~ 0.810000,0.045000 ~ 0.101250,0,8 M 199 K 71 B,3 M 223 K 113 B
Thu Apr 15 08:45:02 2021,26974605,2,380000,26535,26535,26535,26535,26535,26535,0,0,308,193,407,22448,360004 ~ 430004,0.360000 ~ 0.810000,0.045000 ~ 0.101250,0,8 M 199 K 71 B,3 M 223 K 113 B
Thu Apr 15 08:45:03 2021,26974605,3,390000,27225,27225,27225,27225,27225,27225,0,0,308,194,400,22448,360004 ~ 430004,0.360000 ~ 0.810000,0.045000 ~ 0.101250,0,8 M 199 K 71 B,3 M 223 K 113 B
Thu Apr 15 08:45:04 2021,26974605,4,410000,28632,28632,28632,28632,28632,28632,0,0,307,157,438,22448,360004 ~ 430004,0.360000 ~ 0.810000,0.045000 ~ 0.101250,0,8 M 199 K 71 B,3 M 223 K 113 B
Thu Apr 15 08:45:05 2021,26974605,5,420000,29327,29327,29327,29327,29327,29327,0,0,306,172,403,22448,360004 ~ 430004,0.360000 ~ 0.810000,0.045000 ~ 0.101250,0,8 M 199 K 71 B,3 M 223 K 113 B
Thu Apr 15 08:46:00 2021,26974606,0,440000,30717,30717,30717,30717,30717,30717,0,0,307,178,398,27680,438799 ~ 510004,0.760000 ~ 2.310000,0.095000 ~ 0.288750,0,9 M 693 K 943 B,3 M 786 K 998 B
Thu Apr 15 08:46:01 2021,26974606,1,450000,31413,31413,31413,31413,31413,31413,0,0,311,191,397,27680,438799 ~ 510004,0.760000 ~ 2.310000,0.095000 ~ 0.288750,0,9 M 693 K 943 B,3 M 786 K 998 B
Thu Apr 15 08:46:02 2021,26974606,2,460000,32118,32118,32118,32118,32118,32118,0,0,308,143,401,27680,438799 ~ 510004,0.760000 ~ 2.310000,0.095000 ~ 0.288750,0,9 M 693 K 943 B,3 M 786 K 998 B
Thu Apr 15 08:46:03 2021,26974606,3,470000,32813,32813,32813,32813,32813,32813,0,0,309,148,407,27680,438799 ~ 510004,0.760000 ~ 2.310000,0.095000 ~ 0.288750,0,9 M 693 K 943 B,3 M 786 K 998 B
Thu Apr 15 08:46:04 2021,26974606,4,490000,34222,34222,34222,34222,34222,34222,0,0,313,152,456,27680,438799 ~ 510004,0.760000 ~ 2.310000,0.095000 ~ 0.288750,0,9 M 693 K 943 B,3 M 786 K 998 B
Thu Apr 15 08:46:05 2021,26974606,5,500000,34901,34901,34901,34901,34901,34901,0,0,304,160,402,27680,438799 ~ 510004,0.760000 ~ 2.310000,0.095000 ~ 0.288750,0,9 M 693 K 943 B,3 M 786 K 998 B
Thu Apr 15 08:47:00 2021,26974607,0,510000,35606,35606,35606,35606,35606,35606,0,0,308,168,406,33273,518065 ~ 590004,1.280000 ~ 2.310000,0.160000 ~ 0.288750,0 ~ 1,11 M 151 K 743 B,4 M 290 K 42 B
Thu Apr 15 08:47:01 2021,26974607,1,530000,36998,36998,36998,36998,36998,36998,0,0,310,183,405,33273,518065 ~ 590004,1.280000 ~ 2.310000,0.160000 ~ 0.288750,0 ~ 1,11 M 151 K 743 B,4 M 290 K 42 B
Thu Apr 15 08:47:02 2021,26974607,2,540000,37709,37709,37709,37709,37709,37709,0,0,307,177,405,33273,518065 ~ 590004,1.280000 ~ 2.310000,0.160000 ~ 0.288750,0 ~ 1,11 M 151 K 743 B,4 M 290 K 42 B
Thu Apr 15 08:47:04 2021,26974607,4,550000,38403,38400,38405,38403,38400,38405,0,0,311,172,390,33273,518065 ~ 590004,1.280000 ~ 2.310000,0.160000 ~ 0.288750,0 ~ 1,11 M 151 K 743 B,4 M 290 K 42 B
Thu Apr 15 08:47:05 2021,26974607,5,580000,40478,40478,40478,40478,40478,40478,0,0,309,180,393,33273,518065 ~ 590004,1.280000 ~ 2.310000,0.160000 ~ 0.288750,0 ~ 1,11 M 151 K 743 B,4 M 290 K 42 B
Thu Apr 15 08:48:00 2021,26974608,0,590000,41186,41186,41186,41186,41186,41186,0,0,310,186,398,38579,590004 ~ 670004,1.340000 ~ 2.450000,0.167500 ~ 0.306250,0 ~ 1,12 M 652 K 976 B,4 M 851 K 452 B
Thu Apr 15 08:48:01 2021,26974608,1,600000,41905,41905,41905,41905,41905,41905,0,0,309,155,402,38579,590004 ~ 670004,1.340000 ~ 2.450000,0.167500 ~ 0.306250,0 ~ 1,12 M 652 K 976 B,4 M 851 K 452 B
Thu Apr 15 08:48:02 2021,26974608,2,620000,43281,43281,43281,43281,43281,43281,0,0,360,163,545,38579,590004 ~ 670004,1.340000 ~ 2.450000,0.167500 ~ 0.306250,0 ~ 1,12 M 652 K 976 B,4 M 851 K 452 B
Thu Apr 15 08:48:03 2021,26974608,3,630000,43961,43961,43961,43961,43961,43961,0,0,394,198,609,38579,590004 ~ 670004,1.340000 ~ 2.450000,0.167500 ~ 0.306250,0 ~ 1,12 M 652 K 976 B,4 M 851 K 452 B
Thu Apr 15 08:48:04 2021,26974608,4,640000,44637,44637,44637,44637,44637,44637,0,0,404,190,553,38579,590004 ~ 670004,1.340000 ~ 2.450000,0.167500 ~ 0.306250,0 ~ 1,12 M 652 K 976 B,4 M 851 K 452 B
Thu Apr 15 08:48:05 2021,26974608,5,660000,46077,46077,46077,46077,46077,46077,0,0,319,172,439,38579,590004 ~ 670004,1.340000 ~ 2.450000,0.167500 ~ 0.306250,0 ~ 1,12 M 652 K 976 B,4 M 851 K 452 B
Thu Apr 15 08:49:00 2021,26974609,0,670000,46773,46773,46773,46773,46773,46773,0,0,312,179,409,44113,670004 ~ 740004,1.380000 ~ 2.040000,0.172500 ~ 0.255000,0,13 M 995 K 570 B,5 M 337 K 835 B
Thu Apr 15 08:49:01 2021,26974609,1,680000,47470,47470,47470,47470,47470,47470,0,0,317,187,427,44113,670004 ~ 740004,1.380000 ~ 2.040000,0.172500 ~ 0.255000,0,13 M 995 K 570 B,5 M 337 K 835 B
Thu Apr 15 08:49:02 2021,26974609,2,690000,48154,48154,48154,48154,48154,48154,0,0,367,204,524,44113,670004 ~ 740004,1.380000 ~ 2.040000,0.172500 ~ 0.255000,0,13 M 995 K 570 B,5 M 337 K 835 B
Thu Apr 15 08:49:03 2021,26974609,3,710000,49577,49577,49577,49577,49577,49577,0,0,342,197,429,44113,670004 ~ 740004,1.380000 ~ 2.040000,0.172500 ~ 0.255000,0,13 M 995 K 570 B,5 M 337 K 835 B
Thu Apr 15 08:49:04 2021,26974609,4,720000,50268,50268,50268,50268,50268,50268,0,0,346,213,464,44113,670004 ~ 740004,1.380000 ~ 2.040000,0.172500 ~ 0.255000,0,13 M 995 K 570 B,5 M 337 K 835 B
Thu Apr 15 08:49:05 2021,26974609,5,730000,50948,50948,50948,50948,50948,50948,0,0,336,191,564,44113,670004 ~ 740004,1.380000 ~ 2.040000,0.172500 ~ 0.255000,0,13 M 995 K 570 B,5 M 337 K 835 B
Thu Apr 15 08:50:00 2021,26974610,0,750000,52282,52282,52282,52282,52282,52282,0,0,500,200,746,49525,750004 ~ 820004,1.500000 ~ 2.960000,0.187500 ~ 0.370000,0,15 M 440 K 969 B,5 M 951 K 819 B
Thu Apr 15 08:50:01 2021,26974610,1,760000,53014,53014,53014,53014,53014,53014,0,0,394,201,522,49525,750004 ~ 820004,1.500000 ~ 2.960000,0.187500 ~ 0.370000,0,15 M 440 K 969 B,5 M 951 K 819 B
Thu Apr 15 08:50:02 2021,26974610,2,770000,53746,53746,53746,53746,53746,53746,0,0,376,184,551,49525,750004 ~ 820004,1.500000 ~ 2.960000,0.187500 ~ 0.370000,0,15 M 440 K 969 B,5 M 951 K 819 B
Thu Apr 15 08:50:03 2021,26974610,3,780000,54420,54420,54420,54420,54420,54420,0,0,473,198,899,49525,750004 ~ 820004,1.500000 ~ 2.960000,0.187500 ~ 0.370000,0,15 M 440 K 969 B,5 M 951 K 819 B
Thu Apr 15 08:50:04 2021,26974610,4,790000,55030,55030,55030,55030,55030,55030,0,0,593,184,978,49525,750004 ~ 820004,1.500000 ~ 2.960000,0.187500 ~ 0.370000,0,15 M 440 K 969 B,5 M 951 K 819 B
Thu Apr 15 08:50:05 2021,26974610,5,810000,56528,56528,56528,56528,56528,56528,0,0,368,199,565,49525,750004 ~ 820004,1.500000 ~ 2.960000,0.187500 ~ 0.370000,0,15 M 440 K 969 B,5 M 951 K 819 B
Thu Apr 15 08:51:01 2021,26974611,1,830000,57906,57901,57911,57906,57901,57911,0,0,446,272,594,54865,830004 ~ 900004,2.330000 ~ 4.510000,0.291250 ~ 0.563750,0,16 M 733 K 182 B,6 M 362 K 686 B
Thu Apr 15 08:51:02 2021,26974611,2,850000,59240,59240,59240,59240,59240,59240,0,0,506,236,675,54865,830004 ~ 900004,2.330000 ~ 4.510000,0.291250 ~ 0.563750,0,16 M 733 K 182 B,6 M 362 K 686 B
Thu Apr 15 08:51:03 2021,26974611,3,860000,59955,59955,59955,59955,59955,59955,0,0,475,243,824,54865,830004 ~ 900004,2.330000 ~ 4.510000,0.291250 ~ 0.563750,0,16 M 733 K 182 B,6 M 362 K 686 B
Thu Apr 15 08:51:04 2021,26974611,4,880000,61430,61430,61430,61430,61430,61430,0,0,351,178,481,54865,830004 ~ 900004,2.330000 ~ 4.510000,0.291250 ~ 0.563750,0,16 M 733 K 182 B,6 M 362 K 686 B
Thu Apr 15 08:51:05 2021,26974611,5,890000,62057,62057,62057,62057,62057,62057,0,0,604,232,935,54865,830004 ~ 900004,2.330000 ~ 4.510000,0.291250 ~ 0.563750,0,16 M 733 K 182 B,6 M 362 K 686 B
Thu Apr 15 08:52:00 2021,26974612,0,900000,62674,62674,62674,62674,62674,62674,0,0,619,359,952,60321,900004 ~ 980004,3.360000 ~ 4.760000,0.420000 ~ 0.595000,0,18 M 490 K 989 B,7 M 37 K 134 B
Thu Apr 15 08:52:01 2021,26974612,1,910000,63128,63128,63128,63128,63128,63128,0,0,1328,405,2077,60321,900004 ~ 980004,3.360000 ~ 4.760000,0.420000 ~ 0.595000,0,18 M 490 K 989 B,7 M 37 K 134 B
Thu Apr 15 08:52:03 2021,26974612,3,930000,64650,64566,64735,64650,64566,64735,0,0,910,448,1583,60321,900004 ~ 980004,3.360000 ~ 4.760000,0.420000 ~ 0.595000,0,18 M 490 K 989 B,7 M 37 K 134 B
Thu Apr 15 08:52:04 2021,26974612,4,950000,66211,66211,66211,66211,66211,66211,0,0,504,262,909,60321,900004 ~ 980004,3.360000 ~ 4.760000,0.420000 ~ 0.595000,0,18 M 490 K 989 B,7 M 37 K 134 B
Thu Apr 15 08:52:05 2021,26974612,5,970000,67621,67621,67621,67621,67621,67621,0,0,494,217,749,60321,900004 ~ 980004,3.360000 ~ 4.760000,0.420000 ~ 0.595000,0,18 M 490 K 989 B,7 M 37 K 134 B
Thu Apr 15 08:53:00 2021,26974613,0,980000,68290,68290,68290,68290,68290,68290,0,0,594,319,889,65465,980004 ~ 1055471,3.710000 ~ 4.770000,0.463750 ~ 0.596250,0,19 M 766 K 256 B,7 M 651 K 477 B
Thu Apr 15 08:53:01 2021,26974613,1,990000,68948,68948,68948,68948,68948,68948,0,0,731,557,1016,65465,980004 ~ 1055471,3.710000 ~ 4.770000,0.463750 ~ 0.596250,0,19 M 766 K 256 B,7 M 651 K 477 B
Thu Apr 15 08:53:02 2021,26974613,2,1010000,70426,70426,70426,70426,70426,70426,0,0,476,209,760,65465,980004 ~ 1055471,3.710000 ~ 4.770000,0.463750 ~ 0.596250,0,19 M 766 K 256 B,7 M 651 K 477 B
Thu Apr 15 08:53:04 2021,26974613,4,1020000,71076,71048,71104,71076,71048,71104,0,0,569,283,860,65465,980004 ~ 1055471,3.710000 ~ 4.770000,0.463750 ~ 0.596250,0,19 M 766 K 256 B,7 M 651 K 477 B
Thu Apr 15 08:53:05 2021,26974613,5,1040000,72233,72233,72233,72233,72233,72233,0,0,1121,400,1654,65465,980004 ~ 1055471,3.710000 ~ 4.770000,0.463750 ~ 0.596250,0,19 M 766 K 256 B,7 M 651 K 477 B
Thu Apr 15 08:54:00 2021,26974614,0,1060000,73558,73558,73558,73558,73558,73558,0,0,1217,641,2079,71123,1060004 ~ 1140004,4.720000 ~ 6.190000,0.590000 ~ 0.773750,0,21 M 82 K 617 B,8 M 373 K 531 B
Thu Apr 15 08:54:01 2021,26974614,1,1070000,74005,74005,74005,74005,74005,74005,0,0,1543,1014,2486,71123,1060004 ~ 1140004,4.720000 ~ 6.190000,0.590000 ~ 0.773750,0,21 M 82 K 617 B,8 M 373 K 531 B
Thu Apr 15 08:54:02 2021,26974614,2,1080000,74962,74962,74962,74962,74962,74962,0,0,1201,747,1737,71123,1060004 ~ 1140004,4.720000 ~ 6.190000,0.590000 ~ 0.773750,0,21 M 82 K 617 B,8 M 373 K 531 B
Thu Apr 15 08:54:03 2021,26974614,3,1100000,76279,76279,76279,76279,76279,76279,0,0,1331,553,1923,71123,1060004 ~ 1140004,4.720000 ~ 6.190000,0.590000 ~ 0.773750,0,21 M 82 K 617 B,8 M 373 K 531 B
Thu Apr 15 08:54:04 2021,26974614,4,1110000,76703,76703,76703,76703,76703,76703,0,0,1696,1115,2553,71123,1060004 ~ 1140004,4.720000 ~ 6.190000,0.590000 ~ 0.773750,0,21 M 82 K 617 B,8 M 373 K 531 B
Thu Apr 15 08:54:05 2021,26974614,5,1120000,77384,77384,77384,77384,77384,77384,0,0,1821,824,2489,71123,1060004 ~ 1140004,4.720000 ~ 6.190000,0.590000 ~ 0.773750,0,21 M 82 K 617 B,8 M 373 K 531 B
Thu Apr 15 08:55:00 2021,26974615,0,1140000,79108,79108,79108,79108,79108,79108,0,0,1239,626,1731,76221,1143038 ~ 1233431,5.020000 ~ 6.740000,0.627500 ~ 0.842500,0,22 M 935 K 489 B,8 M 832 K 953 B
Thu Apr 15 08:55:01 2021,26974615,1,1160000,80361,80361,80361,80361,80361,80361,0,0,1469,656,2229,76221,1143038 ~ 1233431,5.020000 ~ 6.740000,0.627500 ~ 0.842500,0,22 M 935 K 489 B,8 M 832 K 953 B
Thu Apr 15 08:55:02 2021,26974615,2,1180000,81626,81626,81626,81626,81626,81626,0,0,1580,722,2241,76221,1143038 ~ 1233431,5.020000 ~ 6.740000,0.627500 ~ 0.842500,0,22 M 935 K 489 B,8 M 832 K 953 B
Thu Apr 15 08:55:03 2021,26974615,3,1190000,82508,82508,82508,82508,82508,82508,0,0,1328,706,2129,76221,1143038 ~ 1233431,5.020000 ~ 6.740000,0.627500 ~ 0.842500,0,22 M 935 K 489 B,8 M 832 K 953 B
Thu Apr 15 08:55:04 2021,26974615,4,1200000,83112,83112,83112,83112,83112,83112,0,0,1506,580,2185,76221,1143038 ~ 1233431,5.020000 ~ 6.740000,0.627500 ~ 0.842500,0,22 M 935 K 489 B,8 M 832 K 953 B
Thu Apr 15 08:55:05 2021,26974615,5,1220000,83834,83834,83834,83834,83834,83834,0,0,2542,1489,3247,76221,1143038 ~ 1233431,5.020000 ~ 6.740000,0.627500 ~ 0.842500,0,22 M 935 K 489 B,8 M 832 K 953 B
Thu Apr 15 08:56:00 2021,26974616,0,1240000,85817,85817,85817,85817,85817,85817,0,0,1596,921,2524,82318,1240004 ~ 1320004,5.870000 ~ 7.550000,0.733750 ~ 0.943750,0,24 M 453 K 521 B,9 M 619 K 823 B
Thu Apr 15 08:56:02 2021,26974616,2,1250000,86592,86406,86778,86592,86406,86778,0,0,1443,596,2542,82318,1240004 ~ 1320004,5.870000 ~ 7.550000,0.733750 ~ 0.943750,0,24 M 453 K 521 B,9 M 619 K 823 B
Thu Apr 15 08:56:03 2021,26974616,3,1280000,88063,88063,88063,88063,88063,88063,0,0,2444,1282,3535,82318,1240004 ~ 1320004,5.870000 ~ 7.550000,0.733750 ~ 0.943750,0,24 M 453 K 521 B,9 M 619 K 823 B
Thu Apr 15 08:56:04 2021,26974616,4,1290000,88924,88924,88924,88924,88924,88924,0,0,2108,941,3453,82318,1240004 ~ 1320004,5.870000 ~ 7.550000,0.733750 ~ 0.943750,0,24 M 453 K 521 B,9 M 619 K 823 B
Thu Apr 15 08:56:05 2021,26974616,5,1310000,90773,90773,90773,90773,90773,90773,0,0,1454,928,2039,82318,1240004 ~ 1320004,5.870000 ~ 7.550000,0.733750 ~ 0.943750,0,24 M 453 K 521 B,9 M 619 K 823 B
Thu Apr 15 08:57:00 2021,26974617,0,1320000,90579,90579,90579,90579,90579,90579,0,0,2836,1161,3952,88812,1322577 ~ 1402044,7.550000 ~ 9.260000,0.943750 ~ 1.157500,0 ~ 1,25 M 921 K 606 B,10 M 260 K 111 B
Thu Apr 15 08:57:01 2021,26974617,1,1340000,92463,92463,92463,92463,92463,92463,0,0,1931,1039,4016,88812,1322577 ~ 1402044,7.550000 ~ 9.260000,0.943750 ~ 1.157500,0 ~ 1,25 M 921 K 606 B,10 M 260 K 111 B
Thu Apr 15 08:57:02 2021,26974617,2,1350000,93735,93735,93735,93735,93735,93735,0,0,1133,629,1632,88812,1322577 ~ 1402044,7.550000 ~ 9.260000,0.943750 ~ 1.157500,0 ~ 1,25 M 921 K 606 B,10 M 260 K 111 B
Thu Apr 15 08:57:03 2021,26974617,3,1360000,93645,93645,93645,93645,93645,93645,0,0,2293,873,3696,88812,1322577 ~ 1402044,7.550000 ~ 9.260000,0.943750 ~ 1.157500,0 ~ 1,25 M 921 K 606 B,10 M 260 K 111 B
Thu Apr 15 08:57:04 2021,26974617,4,1380000,94777,94777,94777,94777,94777,94777,0,0,2719,1629,3697,88812,1322577 ~ 1402044,7.550000 ~ 9.260000,0.943750 ~ 1.157500,0 ~ 1,25 M 921 K 606 B,10 M 260 K 111 B
Thu Apr 15 08:57:05 2021,26974617,5,1390000,95678,95678,95678,95678,95678,95678,0,0,2314,1468,3285,88812,1322577 ~ 1402044,7.550000 ~ 9.260000,0.943750 ~ 1.157500,0 ~ 1,25 M 921 K 606 B,10 M 260 K 111 B
Thu Apr 15 08:58:00 2021,26974618,0,1410000,96294,96294,96294,96294,96294,96294,0,0,3535,2090,4944,93855,1410004 ~ 1490004,6.400000 ~ 8.790000,0.800000 ~ 1.098750,0,27 M 626 K 316 B,10 M 745 K 439 B
Thu Apr 15 08:58:01 2021,26974618,1,1420000,98006,98006,98006,98006,98006,98006,0,0,1968,325,3432,93855,1410004 ~ 1490004,6.400000 ~ 8.790000,0.800000 ~ 1.098750,0,27 M 626 K 316 B,10 M 745 K 439 B
Thu Apr 15 08:58:02 2021,26974618,2,1430000,98353,98353,98353,98353,98353,98353,0,0,2494,1501,3634,93855,1410004 ~ 1490004,6.400000 ~ 8.790000,0.800000 ~ 1.098750,0,27 M 626 K 316 B,10 M 745 K 439 B
Thu Apr 15 08:58:03 2021,26974618,3,1450000,100028,100028,100028,100028,100028,100028,0,0,2045,930,2972,93855,1410004 ~ 1490004,6.400000 ~ 8.790000,0.800000 ~ 1.098750,0,27 M 626 K 316 B,10 M 745 K 439 B
Thu Apr 15 08:58:04 2021,26974618,4,1460000,100659,100659,100659,100659,100659,100659,0,0,2121,1294,2661,93855,1410004 ~ 1490004,6.400000 ~ 8.790000,0.800000 ~ 1.098750,0,27 M 626 K 316 B,10 M 745 K 439 B
Thu Apr 15 08:58:05 2021,26974618,5,1480000,102091,102091,102091,102091,102091,102091,0,0,2038,487,2893,93855,1410004 ~ 1490004,6.400000 ~ 8.790000,0.800000 ~ 1.098750,0,27 M 626 K 316 B,10 M 745 K 439 B
Thu Apr 15 08:59:00 2021,26974619,0,1490000,101792,101792,101792,101792,101792,101792,0,0,3484,2511,4586,99832,1490741 ~ 1570004,6.100000 ~ 8.790000,0.762500 ~ 1.098750,0 ~ 3,28 M 957 K 237 B,11 M 511 K 670 B
Thu Apr 15 08:59:01 2021,26974619,1,1510000,103710,103710,103710,103710,103710,103710,0,0,2681,1784,3444,99832,1490741 ~ 1570004,6.100000 ~ 8.790000,0.762500 ~ 1.098750,0 ~ 3,28 M 957 K 237 B,11 M 511 K 670 B
Thu Apr 15 08:59:02 2021,26974619,2,1520000,104101,104101,104101,104101,104101,104101,0,0,3081,2005,4494,99832,1490741 ~ 1570004,6.100000 ~ 8.790000,0.762500 ~ 1.098750,0 ~ 3,28 M 957 K 237 B,11 M 511 K 670 B
Thu Apr 15 08:59:03 2021,26974619,3,1540000,105251,105251,105251,105251,105251,105251,0,0,3421,2578,5320,99832,1490741 ~ 1570004,6.100000 ~ 8.790000,0.762500 ~ 1.098750,0 ~ 3,28 M 957 K 237 B,11 M 511 K 670 B
Thu Apr 15 08:59:04 2021,26974619,4,1550000,105932,105932,105932,105932,105932,105932,0,0,3374,2651,5255,99832,1490741 ~ 1570004,6.100000 ~ 8.790000,0.762500 ~ 1.098750,0 ~ 3,28 M 957 K 237 B,11 M 511 K 670 B
Thu Apr 15 08:59:05 2021,26974619,5,1560000,106598,106598,106598,106598,106598,106598,0,0,3437,2642,4818,99832,1490741 ~ 1570004,6.100000 ~ 8.790000,0.762500 ~ 1.098750,0 ~ 3,28 M 957 K 237 B,11 M 511 K 670 B
Thu Apr 15 09:00:00 2021,26974620,0,1580000,108223,108223,108223,108223,108223,108223,0,0,3080,2112,4802,105305,1579551 ~ 1650004,6.610000 ~ 8.220000,0.826250 ~ 1.027500,0,30 M 439 K 239 B,11 M 967 K 944 B
Thu Apr 15 09:00:01 2021,26974620,1,1590000,108797,108797,108797,108797,108797,108797,0,0,3225,2324,4796,105305,1579551 ~ 1650004,6.610000 ~ 8.220000,0.826250 ~ 1.027500,0,30 M 439 K 239 B,11 M 967 K 944 B
Thu Apr 15 09:00:02 2021,26974620,2,1600000,109016,109016,109016,109016,109016,109016,0,0,3840,2617,5506,105305,1579551 ~ 1650004,6.610000 ~ 8.220000,0.826250 ~ 1.027500,0,30 M 439 K 239 B,11 M 967 K 944 B
Thu Apr 15 09:00:03 2021,26974620,3,1580000,108717,108717,108717,108717,108717,108717,0,0,2411,506,4130,105305,1579551 ~ 1650004,6.610000 ~ 8.220000,0.826250 ~ 1.027500,0,30 M 439 K 239 B,11 M 967 K 944 B
Thu Apr 15 09:00:04 2021,26974620,4,1630000,111207,111207,111207,111207,111207,111207,0,0,3655,2564,5506,105305,1579551 ~ 1650004,6.610000 ~ 8.220000,0.826250 ~ 1.027500,0,30 M 439 K 239 B,11 M 967 K 944 B
Thu Apr 15 09:00:05 2021,26974620,5,1640000,111816,111816,111816,111816,111816,111816,0,0,3762,1836,5553,105305,1579551 ~ 1650004,6.610000 ~ 8.220000,0.826250 ~ 1.027500,0,30 M 439 K 239 B,11 M 967 K 944 B
Thu Apr 15 09:01:00 2021,26974621,0,1620000,110474,110474,110474,110474,110474,110474,0,0,3704,2706,5835,110234,1655885 ~ 1730004,6.080000 ~ 7.810000,0.760000 ~ 0.976250,0 ~ 1,31 M 595 K 592 B,12 M 539 K 312 B
Thu Apr 15 09:01:01 2021,26974621,1,1670000,113531,113531,113531,113531,113531,113531,0,0,4215,3440,5681,110234,1655885 ~ 1730004,6.080000 ~ 7.810000,0.760000 ~ 0.976250,0 ~ 1,31 M 595 K 592 B,12 M 539 K 312 B
Thu Apr 15 09:01:02 2021,26974621,2,1680000,113671,113671,113671,113671,113671,113671,0,0,4857,3758,6969,110234,1655885 ~ 1730004,6.080000 ~ 7.810000,0.760000 ~ 0.976250,0 ~ 1,31 M 595 K 592 B,12 M 539 K 312 B
Thu Apr 15 09:01:03 2021,26974621,3,1690000,114507,114507,114507,114507,114507,114507,0,0,4645,3491,6684,110234,1655885 ~ 1730004,6.080000 ~ 7.810000,0.760000 ~ 0.976250,0 ~ 1,31 M 595 K 592 B,12 M 539 K 312 B
Thu Apr 15 09:01:05 2021,26974621,5,1700000,115363,115050,115676,115363,115050,115676,0,0,4461,3136,6638,110234,1655885 ~ 1730004,6.080000 ~ 7.810000,0.760000 ~ 0.976250,0 ~ 1,31 M 595 K 592 B,12 M 539 K 312 B
Thu Apr 15 09:02:00 2021,26974622,0,1730000,117620,117620,117620,117620,117620,117620,0,0,4183,3014,6314,114825,1730004 ~ 1806202,7.590000 ~ 10.860000,0.948750 ~ 1.357500,0 ~ 1,33 M 57 K 481 B,13 M 178 K 190 B
Thu Apr 15 09:02:01 2021,26974622,1,1740000,117785,117785,117785,117785,117785,117785,0,0,4790,3661,7128,114825,1730004 ~ 1806202,7.590000 ~ 10.860000,0.948750 ~ 1.357500,0 ~ 1,33 M 57 K 481 B,13 M 178 K 190 B
Thu Apr 15 09:02:02 2021,26974622,2,1750000,118539,118539,118539,118539,118539,118539,0,0,4698,3606,6099,114825,1730004 ~ 1806202,7.590000 ~ 10.860000,0.948750 ~ 1.357500,0 ~ 1,33 M 57 K 481 B,13 M 178 K 190 B
Thu Apr 15 09:02:03 2021,26974622,3,1770000,120530,120530,120530,120530,120530,120530,0,0,3974,2662,5765,114825,1730004 ~ 1806202,7.590000 ~ 10.860000,0.948750 ~ 1.357500,0 ~ 1,33 M 57 K 481 B,13 M 178 K 190 B
Thu Apr 15 09:02:04 2021,26974622,4,1780000,120859,120859,120859,120859,120859,120859,0,0,4337,3472,6424,114825,1730004 ~ 1806202,7.590000 ~ 10.860000,0.948750 ~ 1.357500,0 ~ 1,33 M 57 K 481 B,13 M 178 K 190 B
Thu Apr 15 09:02:05 2021,26974622,5,1790000,121674,121674,121674,121674,121674,121674,0,0,4208,2872,5913,114825,1730004 ~ 1806202,7.590000 ~ 10.860000,0.948750 ~ 1.357500,0 ~ 1,33 M 57 K 481 B,13 M 178 K 190 B
Thu Apr 15 09:03:00 2021,26974623,0,1810000,122580,122580,122580,122580,122580,122580,0,0,4752,3429,6350,120014,1810004 ~ 1890004,8.830000 ~ 11.250000,1.103750 ~ 1.406250,0,34 M 109 K 434 B,13 M 851 K 243 B
Thu Apr 15 09:03:01 2021,26974623,1,1820000,122275,122275,122275,122275,122275,122275,0,0,5887,3362,7797,120014,1810004 ~ 1890004,8.830000 ~ 11.250000,1.103750 ~ 1.406250,0,34 M 109 K 434 B,13 M 851 K 243 B
Thu Apr 15 09:03:02 2021,26974623,2,1830000,122597,122597,122597,122597,122597,122597,0,0,6351,4660,8946,120014,1810004 ~ 1890004,8.830000 ~ 11.250000,1.103750 ~ 1.406250,0,34 M 109 K 434 B,13 M 851 K 243 B
Thu Apr 15 09:03:03 2021,26974623,3,1850000,125805,125805,125805,125805,125805,125805,0,0,4171,3051,5911,120014,1810004 ~ 1890004,8.830000 ~ 11.250000,1.103750 ~ 1.406250,0,34 M 109 K 434 B,13 M 851 K 243 B
Thu Apr 15 09:03:04 2021,26974623,4,1860000,125930,125930,125930,125930,125930,125930,0,0,4735,3212,6760,120014,1810004 ~ 1890004,8.830000 ~ 11.250000,1.103750 ~ 1.406250,0,34 M 109 K 434 B,13 M 851 K 243 B
Thu Apr 15 09:03:05 2021,26974623,5,1870000,125327,125327,125327,125327,125327,125327,0,0,6341,4874,8395,120014,1810004 ~ 1890004,8.830000 ~ 11.250000,1.103750 ~ 1.406250,0,34 M 109 K 434 B,13 M 851 K 243 B
Thu Apr 15 09:04:00 2021,26974624,0,1890000,126656,126656,126656,126656,126656,126656,0,0,6266,4808,9133,124806,1890004 ~ 1972618,7.960000 ~ 10.360000,0.995000 ~ 1.295000,0 ~ 1,36 M 233 K 532 B,14 M 397 K 137 B
Thu Apr 15 09:04:01 2021,26974624,1,1900000,127422,127422,127422,127422,127422,127422,0,0,6243,4705,8215,124806,1890004 ~ 1972618,7.960000 ~ 10.360000,0.995000 ~ 1.295000,0 ~ 1,36 M 233 K 532 B,14 M 397 K 137 B
Thu Apr 15 09:04:02 2021,26974624,2,1910000,127974,127974,127974,127974,127974,127974,0,0,6313,4787,8373,124806,1890004 ~ 1972618,7.960000 ~ 10.360000,0.995000 ~ 1.295000,0 ~ 1,36 M 233 K 532 B,14 M 397 K 137 B
Thu Apr 15 09:04:03 2021,26974624,3,1920000,128470,128470,128470,128470,128470,128470,0,0,6530,4336,8186,124806,1890004 ~ 1972618,7.960000 ~ 10.360000,0.995000 ~ 1.295000,0 ~ 1,36 M 233 K 532 B,14 M 397 K 137 B
Thu Apr 15 09:04:04 2021,26974624,4,1940000,127832,127832,127832,127832,127832,127832,0,0,8847,6142,10862,124806,1890004 ~ 1972618,7.960000 ~ 10.360000,0.995000 ~ 1.295000,0 ~ 1,36 M 233 K 532 B,14 M 397 K 137 B
Thu Apr 15 09:04:05 2021,26974624,5,1960000,130567,130567,130567,130567,130567,130567,0,0,7204,4948,9428,124806,1890004 ~ 1972618,7.960000 ~ 10.360000,0.995000 ~ 1.295000,0 ~ 1,36 M 233 K 532 B,14 M 397 K 137 B
Thu Apr 15 09:05:00 2021,26974625,0,1970000,130382,130382,130382,130382,130382,130382,0,0,8160,6000,9843,128253,1979478 ~ 2040004,9.140000 ~ 10.990000,1.142500 ~ 1.373750,0 ~ 1,36 M 633 K 321 B,15 M 242 K 561 B
Thu Apr 15 09:05:01 2021,26974625,1,1990000,132200,132200,132200,132200,132200,132200,0,0,7642,5302,10147,128253,1979478 ~ 2040004,9.140000 ~ 10.990000,1.142500 ~ 1.373750,0 ~ 1,36 M 633 K 321 B,15 M 242 K 561 B
Thu Apr 15 09:05:02 2021,26974625,2,2000000,131920,131920,131920,131920,131920,131920,0,0,8635,6824,11300,128253,1979478 ~ 2040004,9.140000 ~ 10.990000,1.142500 ~ 1.373750,0 ~ 1,36 M 633 K 321 B,15 M 242 K 561 B
Thu Apr 15 09:05:03 2021,26974625,3,2010000,131959,131959,131959,131959,131959,131959,0,0,9431,7675,11450,128253,1979478 ~ 2040004,9.140000 ~ 10.990000,1.142500 ~ 1.373750,0 ~ 1,36 M 633 K 321 B,15 M 242 K 561 B
Thu Apr 15 09:05:04 2021,26974625,4,2030000,133567,133567,133567,133567,133567,133567,0,0,9028,7632,11689,128253,1979478 ~ 2040004,9.140000 ~ 10.990000,1.142500 ~ 1.373750,0 ~ 1,36 M 633 K 321 B,15 M 242 K 561 B
Thu Apr 15 09:05:05 2021,26974625,5,2040000,136113,136113,136113,136113,136113,136113,0,0,7040,4597,9273,128253,1979478 ~ 2040004,9.140000 ~ 10.990000,1.142500 ~ 1.373750,0 ~ 1,36 M 633 K 321 B,15 M 242 K 561 B
Thu Apr 15 09:06:00 2021,26974626,0,2030000,137318,137318,137318,137318,137318,137318,0,0,4920,4169,5379,133662,2040004,10.070000 ~ 10.980000,1.258750 ~ 1.372500,0 ~ 1,36 M 925 K 1 B,14 M 979 K 763 B
Thu Apr 15 09:06:02 2021,26974626,2,2040000,138012,137563,138462,138012,137563,138462,0,0,4897,3803,6392,133662,2040004,10.070000 ~ 10.980000,1.258750 ~ 1.372500,0 ~ 1,36 M 925 K 1 B,14 M 979 K 763 B
Thu Apr 15 09:06:03 2021,26974626,3,2010000,135198,135198,135198,135198,135198,135198,0,0,5751,4965,6570,133662,2040004,10.070000 ~ 10.980000,1.258750 ~ 1.372500,0 ~ 1,36 M 925 K 1 B,14 M 979 K 763 B
Thu Apr 15 09:06:05 2021,26974626,5,2040000,137409,137092,137726,137409,137092,137726,0,0,5549,4305,6461,133662,2040004,10.070000 ~ 10.980000,1.258750 ~ 1.372500,0 ~ 1,36 M 925 K 1 B,14 M 979 K 763 B
Thu Apr 15 09:07:05 2021,26974627,5,2040000,137656,137287,138143,137656,137287,138143,0,0,5276,4023,6567,137695,2040004,9.390000 ~ 11.160000,1.173750 ~ 1.395000,0 ~ 1,37 M 17 K 940 B,14 M 429 K 995 B
Thu Apr 15 09:08:05 2021,26974628,5,2040000,137570,136977,137791,137570,136977,137791,0,0,5372,4316,6594,137398,2040004,10.000000 ~ 12.880000,1.250000 ~ 1.610000,0 ~ 1,37 M 72 K 999 B,14 M 453 K 333 B
Thu Apr 15 09:09:05 2021,26974629,5,2040000,137750,137451,137912,137750,137451,137912,0,0,5180,4173,6169,137984,2040004,10.350000 ~ 12.500000,1.293750 ~ 1.562500,0 ~ 3,37 M 24 K 626 B,14 M 399 K 886 B
Thu Apr 15 09:10:00 2021,26974630,0,2010000,135997,135997,135997,135997,135997,135997,0,0,4875,4115,5867,137841,2040004,9.860000 ~ 12.060000,1.232500 ~ 1.507500,0 ~ 1,37 M 124 K 21 B,14 M 567 K 497 B
Thu Apr 15 09:10:05 2021,26974630,5,2040000,137671,136832,138197,137671,136832,138197,0,0,5257,3969,6884,137841,2040004,9.860000 ~ 12.060000,1.232500 ~ 1.507500,0 ~ 1,37 M 124 K 21 B,14 M 567 K 497 B
Thu Apr 15 09:11:05 2021,26974631,5,2040000,137933,137432,138585,137933,137432,138585,0,0,4985,3662,6576,137294,2040004,10.430000 ~ 11.560000,1.303750 ~ 1.445000,0 ~ 1,37 M 190 K 786 B,14 M 433 K 277 B
Thu Apr 15 09:12:05 2021,26974632,5,2040000,137626,137133,137921,137626,137133,137921,0,0,5308,4328,6854,138189,2040004,10.770000 ~ 12.620000,1.346250 ~ 1.577500,0 ~ 1,36 M 900 K 526 B,14 M 281 K 1018 B
Thu Apr 15 09:13:05 2021,26974633,5,2040000,137417,136999,137792,137417,136999,137792,0,0,5541,4243,6923,137591,2040004,10.690000 ~ 12.990000,1.336250 ~ 1.623750,0 ~ 1,36 M 987 K 52 B,14 M 593 K 353 B
Thu Apr 15 09:14:05 2021,26974634,5,2040000,138105,137907,138273,138105,137907,138273,0,0,4797,3941,5507,137605,2040004,8.570000 ~ 11.310000,1.071250 ~ 1.413750,0,37 M 37 K 916 B,14 M 259 K 2 B
Thu Apr 15 09:15:00 2021,26974635,0,2040000,137354,137354,137354,137354,137354,137354,0,0,5579,4785,6333,138019,2040004,8.780000 ~ 11.140000,1.097500 ~ 1.392500,0 ~ 1,36 M 987 K 34 B,14 M 545 K 223 B
Thu Apr 15 09:15:01 2021,26974635,1,2010000,135285,135285,135285,135285,135285,135285,0,0,5695,4972,6215,138019,2040004,8.780000 ~ 11.140000,1.097500 ~ 1.392500,0 ~ 1,36 M 987 K 34 B,14 M 545 K 223 B
Thu Apr 15 09:15:05 2021,26974635,5,2040000,137767,137493,138043,137767,137493,138043,0,0,5156,4290,6048,138019,2040004,8.780000 ~ 11.140000,1.097500 ~ 1.392500,0 ~ 1,36 M 987 K 34 B,14 M 545 K 223 B